Name,APID
VULNAVIA,A58429522
VESALIUS/JOSEPH,A85622542
LONGSTREET/TERRY,A13241688
VESALIUS/LEM,A50548529
ALLEN/SUSAN,A63486880
HEDGEPATH/DAVID,A24601128
DUNWOODY/EDWARD,A83006522
HARGREAVES/ALEX,A88039503
WHITCOMBE/MAURICE,A28803911
TROUT/PETER,A67775637
SCHENLEY/NORMAN,A55412345
BIEDERBECK/DARRUS,A12361774
TROWBRIDGE/DIANA ELIZABETH,A00110234
DE SILVIA LOMBARDO/TERRY THOMAS,A08731110
AMBROSE/HARRY,A22345678
FORBIN/CHARLES,A18171524
MARKHAM/CLEO,A28044783
FISHER/JOHN,A97641221
JOHNSON/JEFFERSON,A82167624
FIELDS/ANGELA,A66609072
HARRISON/THOMAS,A46557572
